id,name,model_id:id,group_id:id,perm_read,perm_write,perm_create,perm_unlink
access_custody_request_system,custody.request system,model_custody_request,base.group_system,1,1,1,1
access_custody_request_manager,custody.request manager,model_custody_request,group_request_custody,1,1,1,1
access_custody_request_user,custody.request user,model_custody_request,group_custody_user,1,0,0,0
access_custody_bill_payment_wizard,access_custody_bill_payment_wizard,model_custody_bill_payment_wizard,,1,1,1,1
access_custody_return_wizard,access_custody_return_wizard,model_custody_return_wizard,,1,1,1,1
access_custody_asset_line_system,custody.asset.line system,model_custody_asset_line,base.group_system,1,1,1,1
access_custody_asset_line_manager,custody.asset.line manager,model_custody_asset_line,group_request_custody,1,1,1,1
access_custody_asset_line_user,custody.asset.line user,model_custody_asset_line,group_custody_user,1,0,0,0
access_custody_create_wizard,access_custody_create_wizard,model_custody_create_wizard,,1,1,1,1
access_custody_asset_return_wizard,access_custody_asset_return_wizard,model_custody_asset_return_wizard,,1,1,1,1
access_custody_asset_return_wizard_line,access_custody_asset_return_wizard_line,model_custody_asset_return_wizard_line,,1,1,1,1
